{
  "subject": "工程概预算",
  "questionStats": {
    "totalQuestions": 106,
    "questionTypesCount": {
      "单选题": 46,
      "多选题": 43,
      "判断题": 17
    }
  },
  "description": "工程概预算练习题库",
  "version": "1.0",
  "lastUpdated": "2024-06-25",
  "password": "budget2025",
  "passwordHint": "题库密码：budget2025",
  "questions": [
    {
      "type": "单选题",
      "question": "对原有的建设项目扩建，其新增加的固定资产价值超过原有全部固定资本价值（      ）倍以上的，也属于新建项目。",
      "options": [
        "A、 两",
        "B、 三",
        "C、 四",
        "D、 五"
      ],
      "answer": "B"
    },
    {
      "type": "单选题",
      "question": "下列哪些说法是不正确的？ （        ）",
      "options": [
        "A、 项目建议书是建设程序中最初阶段工作；",
        "B、 项目建议书是确定建设项目和建设方案的基本文件；",
        "C、 编制设计文件是整个工程的决定性环节；",
        "D、 竣工验收是项目建设转入生产或使用的标志。"
      ],
      "answer": "B"
    },
    {
      "type": "单选题",
      "question": "对于政府投资工程而言，作为拟建项目工程造价最高限额的是经有关部门批准的（      ）。",
      "options": [
        "A、 工程概算",
        "B、 投资估算",
        "C、 施工图预算",
        "D、 承包合同价"
      ],
      "answer": "A"
    },
    {
      "type": "单选题",
      "question": "竣工结算的编制单位是（      ）。",
      "options": [
        "A、 施工单位",
        "B、 监理单位",
        "C、 建设单位",
        "D、 中介咨询机构"
      ],
      "answer": "A"
    },
    {
      "type": "单选题",
      "question": "下列哪些建设项目是非生产性建设项目？（        ）",
      "options": [
        "A、 气象建设",
        "B、 邮电建设",
        "C、 科学实验",
        "D、 商业建设"
      ],
      "answer": "C"
    },
    {
      "type": "单选题",
      "question": "下列哪些不是工程造价的特点？（      ）",
      "options": [
        "A、 大额性",
        "B、 动态性",
        "C、 复杂性",
        "D、 阶段性"
      ],
      "answer": "C"
    },
    {
      "type": "单选题",
      "question": "某建设项目中某幢楼的电梯工程是属于（      ）",
      "options": [
        "A、 分项工程",
        "B、 分部工程",
        "C、 单位工程",
        "D、 单项工程"
      ],
      "answer": "C"
    },
    {
      "type": "单选题",
      "question": "某新建工业建设项目的土建工程是一个（        ）",
      "options": [
        "A、 建设项目",
        "B、 单项工程",
        "C、  单位工程",
        "D、 分部工程"
      ],
      "answer": "C"
    },
    {
      "type": "单选题",
      "question": "某学校新校区的建设，称为一个（        ）。",
      "options": [
        "A、 建设项目",
        "B、 单项工程",
        "C、 单位工程",
        "D、 分项工程"
      ],
      "answer": "A"
    },
    {
      "type": "单选题",
      "question": "某学校单独图书馆的建设，称为一个（          ）。",
      "options": [
        "A、 建设项目",
        "B、 单项工程",
        "C、 单位工程",
        "D、 分项工程"
      ],
      "answer": "A"
    },
    {
      "type": "单选题",
      "question": "某图书馆的装饰工程，称为一个（      ）。",
      "options": [
        "A、 分部工程",
        "B、 单项工程",
        "C、 单位工程",
        "D、 分项工程"
      ],
      "answer": "C"
    },
    {
      "type": "单选题",
      "question": "某图书馆地面的装饰工程，称为一个（        ）。",
      "options": [
        "A、 分部工程",
        "B、 单项工程",
        "C、 单位工程",
        "D、 分项工程"
      ],
      "answer": "A"
    },
    {
      "type": "单选题",
      "question": "以下不是强电系统的有（          ）。",
      "options": [
        "A、 变配电系统",
        "B、 动力系统",
        "C、 照明系统",
        "D、 建筑物自动化系统"
      ],
      "answer": "D"
    },
    {
      "type": "单选题",
      "question": "下列费用中，属于措施项目费的是(          )。",
      "options": [
        "A、 混凝土模板及支架费",
        "B、 联合试运转费",
        "C、 直接费",
        "D、 人工费"
      ],
      "answer": "A"
    },
    {
      "type": "单选题",
      "question": "施工现场生活卫生设施费用属于（      ）。",
      "options": [
        "A、 环境保护费",
        "B、 文明施工费",
        "C、 安全施工费",
        "D、 临时设施费"
      ],
      "answer": "B"
    },
    {
      "type": "单选题",
      "question": "工程排污费属于（      ）。",
      "options": [
        "A、 规费",
        "B、 环境保护费",
        "C、 安全文明施工费",
        "D、 企业管理费"
      ],
      "answer": "A"
    },
    {
      "type": "单选题",
      "question": "预算定额是对规定计量单位的（      ）进行计价的人工、材料、施工机械台班消耗量的标准。",
      "options": [
        "A、 扩大施工工序",
        "B、 扩大分部工程",
        "C、 分部工程",
        "D、 分项工程"
      ],
      "answer": "D"
    },
    {
      "type": "单选题",
      "question": "工程量清单计价的基础公式正确的是（      ）。",
      "options": [
        "A、 分部分项工程费=Σ（分部分项工程量×相应分部分项综合单价）",
        "B、 其他项目费=暂估价+计日工+总承包服务费",
        "C、 单位工程报价=分部分项工程费+措施项目费+其他项目费+规费",
        "D、 建设项目总报价=Σ单位工程报价"
      ],
      "answer": "A"
    },
    {
      "type": "单选题",
      "question": "根据《建设工程工程量清单计价规范》（GB50500—2013）的规定，下列属于规费项目清单的是（　      ）。",
      "options": [
        "A、 安全文明施工费",
        "B、 城市维护建设费",
        "C、 地方教育附加",
        "D、 生育保险费"
      ],
      "answer": "D"
    },
    {
      "type": "单选题",
      "question": "下列措施项目中，适宜于采用综合单价方式计价的是（      ）。",
      "options": [
        "A、 已完工程及设备保护",
        "B、 夜间施工",
        "C、 安全文明施工",
        "D、 混凝土、钢筋混凝土模板"
      ],
      "answer": "D"
    },
    {
      "type": "单选题",
      "question": "下列定额分类中属于按照生产要素消耗内容分类的是(       )。",
      "options": [
        "A、 材料消耗定额、机械消耗定额、工器具消耗定额",
        "B、 劳动消耗定额、机械消耗定额、材料消耗定额",
        "C、 机械消耗定额、材料消耗定额、建筑工程定额",
        "D、 资金消耗定额、劳动消耗定额、机械消耗定额"
      ],
      "answer": "B"
    },
    {
      "type": "单选题",
      "question": "单价法和实物法编制施工图预算的主要区别是(      )。",
      "options": [
        "A、 计算直接工程费的方法不同",
        "B、 计算间接费的方法不同",
        "C、 计算工程量的方法不同",
        "D、 计算利税的方法不同"
      ],
      "answer": "A"
    },
    {
      "type": "单选题",
      "question": "预算定额基价是指 （      )的人工、材料、施工机械使用费之和。",
      "options": [
        "A、 单位工程",
        "B、 分部分项工程",
        "C、 扩大分部分项工程",
        "D、 单项工程"
      ],
      "answer": "B"
    },
    {
      "type": "单选题",
      "question": "计算建筑安装工程工料及资金消耗量的最基本的构成要素指的是（      ）",
      "options": [
        "A、 单位工程",
        "B、 分项工程",
        "C、 分部工程",
        "D、 单项工程"
      ],
      "answer": "B"
    },
    {
      "type": "单选题",
      "question": "时间定额与产量定额之间的关系是(       )。",
      "options": [
        "A、 互为倒数",
        "B、 互成正比",
        "C、 需分别独立测算",
        "D、 没什么关系"
      ],
      "answer": "A"
    },
    {
      "type": "单选题",
      "question": "编制预算定额的基础是（      ）",
      "options": [
        "A、 概算定额",
        "B、 估算定额",
        "C、 建筑定额",
        "D、 施工定额"
      ],
      "answer": "D"
    },
    {
      "type": "单选题",
      "question": "消耗量定额是由建设行政主管部门根据合理的施工组织设计按照正常施工条件下制定的，生产一个规定计量单位工程合格产品所需人、材料、机械台班的(      )消耗量。",
      "options": [
        "A、 社会平均",
        "B、 社会先进",
        "C、 平均先进",
        "D、 社会最低"
      ],
      "answer": "A"
    },
    {
      "type": "单选题",
      "question": "在市场经济条件下，影响工程造价最活跃、最主要的因素是(       )。",
      "options": [
        "A、 分部分项工程的工程量",
        "B、 分部分项工程的计量规则",
        "C、 人工、材料、机械台班单价",
        "D、 人工、材料、机械台班消量"
      ],
      "answer": "C"
    },
    {
      "type": "单选题",
      "question": "（        ）指某种专业的工人班（组）或个人，在合理的劳动组织与合理使用材料条件下，单位时间（工日）内，应完成符合质量要求的产品数量。",
      "options": [
        "A、 时间定额",
        "B、 产量定额",
        "C、 预算定额"
      ],
      "answer": "B"
    },
    {
      "type": "单选题",
      "question": "（        ）指某种专业的工人班（组）或个人，在合理的劳动组织与合理使用材料条件下，完成符合质量要求的单位产品所必需的工作时间（工日）。",
      "options": [
        "A、 时间定额",
        "B、 产量定额",
        "C、 预算定额"
      ],
      "answer": "A"
    },
    {
      "type": "单选题",
      "question": "（      ）适用于电气安装工程中一些数量大而价值较低的主要材料的调整。",
      "options": [
        "A、 单项材料调差法",
        "B、 材料综合系数调差法",
        "C、 辅助材料调差法"
      ],
      "answer": "B"
    },
    {
      "type": "单选题",
      "question": "（      ）适用于对工程造价影响较大的贵重材料、主要材料，即对定额中的未计价材料进行差价调整。",
      "options": [
        "A、 单项材料调差法",
        "B、 材料综合系数调差法",
        "C、 辅助材料调差法"
      ],
      "answer": "A"
    },
    {
      "type": "单选题",
      "question": "以“对”为计量单位的是（      ）。",
      "options": [
        "A、 点型探测器",
        "B、 红外线探测器",
        "C、 火焰探测器",
        "D、 可燃气体探测器"
      ],
      "answer": "B"
    },
    {
      "type": "单选题",
      "question": "以“10m”为计量单位。",
      "options": [
        "A、 线形探测器",
        "B、 火焰探测器",
        "C、 红外线探测器",
        "D、 点型探测器"
      ],
      "answer": "A"
    },
    {
      "type": "单选题",
      "question": "识读脉络顺序为（        ）。",
      "options": [
        "A、 总配电箱 —进户线 — 干线 — 分配电箱 — 支线 — 用电设备",
        "B、 用电设备— 支线 —分配电箱—干线 — 总配电箱 —进户线",
        "C、 进户线 — 总配电箱 — 干线 — 分配电箱 — 支线 — 用电设备",
        "D、 进户线 — 干线 — 支线 — 总配电箱 — 分配电箱 —用电设备"
      ],
      "answer": "C"
    },
    {
      "type": "单选题",
      "question": "（      ）是表现拟建工程的分部分项工程项目、措施项目，其他项目名称和相应明细数量的一种表格。",
      "options": [
        "A、 定额项目表",
        "B、 工程量清单",
        "C、 材料暂估价表",
        "D、 主材单价表"
      ],
      "answer": "B"
    },
    {
      "type": "单选题",
      "question": "工程量清单的项目编码中，第一级表示（        ）",
      "options": [
        "A、 专业顺序码",
        "B、 工程分类码",
        "C、 工程顺序码",
        "D、 分项工程名称顺序码"
      ],
      "answer": "B"
    },
    {
      "type": "单选题",
      "question": "工程量清单的项目编码中，第四级表示（          ）",
      "options": [
        "A、 工程分类码",
        "B、 专业顺序码",
        "C、 工程顺序码",
        "D、 分项工程名称顺序码"
      ],
      "answer": "D"
    },
    {
      "type": "单选题",
      "question": "030201002001第4级002表示的是（          ）",
      "options": [
        "A、 油浸电力变压器",
        "B、 整流变压器",
        "C、 干式变压器",
        "D、 自耦式变压器"
      ],
      "answer": "C"
    },
    {
      "type": "单选题",
      "question": "工程造价（金额）均应以（        )表示。",
      "options": [
        "A、 美元",
        "B、 欧元",
        "C、 人民币",
        "D、 英镑"
      ],
      "answer": "C"
    },
    {
      "type": "单选题",
      "question": "招标控制价应在招标时公布，（          ），招标人应将招标控制价及有关资料报送工程所在地工程造价管理机构备查。",
      "options": [
        "A、 应上调或下浮",
        "B、 不应上调或下浮",
        "C、 不应上调",
        "D、 应上调"
      ],
      "answer": "B"
    },
    {
      "type": "单选题",
      "question": "分部分项工程量清单项目综合单价的计算步骤（        ）",
      "options": [
        "A、 确定组价内容、计算相应定额项目的工程量、确定各清单项目的综合单价",
        "B、 计算相应定额项目的工程量、确定组价内容、确定各清单项目的综合单价",
        "C、 分部分项工程费的计算 、确定组价内容、、确定各清单项目的综合单价"
      ],
      "answer": "A"
    },
    {
      "type": "单选题",
      "question": "单位工程造价的计算公式为（          ）",
      "options": [
        "A、 单位工程造价=分部分项工程费+措施项目费",
        "B、 单位工程造价=分部分项工程费+措施项目费+其他项目费",
        "C、 单位工程造价=分部分项工程费+措施项目费+其他项目费+规费",
        "D、 单位工程造价=分部分项工程费+措施项目费+其他项目费+规费+税金"
      ],
      "answer": "D"
    },
    {
      "type": "单选题",
      "question": "税金的计算公式是（        )",
      "options": [
        "A、 税金=分部分项工程费× 费率",
        "B、 税金=（分部分项工程费+措施项目费）× 费率",
        "C、 税金=（分部分项工程费+措施项目费+其他项目费）× 费率",
        "D、 税金=（分部分项工程费+措施项目费+其他项目费+规费）× 费率"
      ],
      "answer": "D"
    },
    {
      "type": "单选题",
      "question": "分部分项工程费的计算公式是（       )",
      "options": [
        "A、分部分项工程费=∑（清单项目所含分项工程内容的综合单价×相应定额工程量）÷清单项目清单工程量",
        "B、分部分项工程费=∑（清单项目所含分项工程内容的综合单价×相应定额工程量÷清单项目清单工程量",
        "C、 分部分项工程费=∑（清单项目所含分项工程内容的综合单价÷清单项目清单工程量",
        "D、 分部分项工程费=∑（分部分项工程清单项目综合单价×相应清单项目工程量）"
      ],
      "answer": "D"
    },
    {
      "type": "单选题",
      "question": "确定投标价时，可以计算工程量的措施项目费应依据企业定额等资料确定；不能计算工程量的措施项目费中，（      ）应按照国家或省级、行业建设主管部门的规定计价，其余费用应依据企业定额等资料确定。",
      "options": [
        "A、 安全文明施工费",
        "B、 夜间施工费",
        "C、 二次搬运费",
        "D、 检验试验及生产工具使用费"
      ],
      "answer": "A"
    },
    {
      "type": "多选题",
      "question": "下列各费用项目中属于措施费的是（          ）。",
      "options": [
        "A、 财务费",
        "B、 施工降水费",
        "C、 管理人员工资",
        "D、 已完工程及设备保护费",
        "E、 广告费"
      ],
      "answer": [
        "B",
        "D"
      ]
    },
    {
      "type": "多选题",
      "question": "下列属于社会保障费的是（          ）。",
      "options": [
        "A、 养老保险费",
        "B、 住房公积金",
        "C、 失业保险费",
        "D、 医疗保险费",
        "E、 危险作业意外伤害保险费"
      ],
      "answer": [
        "A",
        "B",
        "C",
        "D",
        "E"
      ]
    },
    {
      "type": "多选题",
      "question": "间接费中，规费包括（            ）。",
      "options": [
        "A、 工程排污费",
        "B、 社会保障费",
        "C、 住房公积金",
        "D、 二次搬运费",
        "E、 危险作业意外伤害保险"
      ],
      "answer": [
        "A",
        "B",
        "C",
        "E"
      ]
    },
    {
      "type": "多选题",
      "question": "建筑安装工程含税造价中的税金应包括（        ）等。",
      "options": [
        "A、 印花税",
        "B、 增值税",
        "C、 营业税",
        "D、 城市维护建设税",
        "E、 教育费附加"
      ],
      "answer": [
        "C",
        "D",
        "E"
      ]
    },
    {
      "type": "多选题",
      "question": "根据《房屋建筑与装饰工程计量规范》GB50854-2013的规定，下列属于措施项目费的是（          ）。",
      "options": [
        "A、 混凝土、钢筋混凝土模板及支架费",
        "B、 非夜间施工增加费",
        "C、 场地准备及临时设施费",
        "D、 市政公用设施费",
        "E、 垂直运输费"
      ],
      "answer": [
        "A",
        "B",
        "E"
      ]
    },
    {
      "type": "多选题",
      "question": "根据《建设工程工程量清单计价规范》（GB 50500-2008），分部分项工程综合单价包括完成规定计量单位清单项目所需的人工费、材料费、机械使用费以及（           ）。",
      "options": [
        "A、 管理费",
        "B、 利润",
        "C、 规费",
        "D、 税金",
        "E、 一定范围内的风险费"
      ],
      "answer": [
        "A",
        "B",
        "E"
      ]
    },
    {
      "type": "多选题",
      "question": "施工中材料的消耗分为必需消耗的材料和损失的材料。在确定材料定额消耗量时，必需消耗的材料包括（      ）。",
      "options": [
        "A、 直接用于建筑和安装工程的材料",
        "B、 不可避免的场外运输损耗材料",
        "C、 不可避免的场内运输损耗材料",
        "D、 不可避免的现场仓储损耗材料",
        "E、 不可避免的施工过程中损耗材料"
      ],
      "answer": [
        "A",
        "C",
        "E"
      ]
    },
    {
      "type": "多选题",
      "question": "定额性质主要表现在（             ）",
      "options": [
        "A、 科学性和群众性",
        "B、 法令性和有限灵活性",
        "C、 先进性和合理性",
        "D、 稳定性和时效性"
      ],
      "answer": [
        "A",
        "B",
        "C",
        "D"
      ]
    },
    {
      "type": "多选题",
      "question": "建筑工程定额按照执行范围进行分类，可以分为（             ）。",
      "options": [
        "A、 全国统一定额",
        "B、 地区统一定额",
        "C、 企业定额"
      ],
      "answer": [
        "A",
        "B",
        "C"
      ]
    },
    {
      "type": "多选题",
      "question": "建筑安装工程定额主要作用有（                  ）。",
      "options": [
        "A、 定额是编制计划的基础",
        "B、 定额是编制施工预算的依据",
        "C、 定额是科学组织施工的必要手段",
        "D、 定额是贯彻节约原则的有效工具"
      ],
      "answer": [
        "A",
        "C",
        "D"
      ]
    },
    {
      "type": "多选题",
      "question": "由建设行政主管部门根据合理的施工组织设计，按照正常施工条件下制定的，生产一个规定计量单位工程合格产品所需（         ）的社会平均消耗量，称为消耗量定额。",
      "options": [
        "A、 人工",
        "B、 材料",
        "C、 机械台班",
        "D、 管理费",
        "E、 利润"
      ],
      "answer": [
        "A",
        "B",
        "C"
      ]
    },
    {
      "type": "多选题",
      "question": "按定额反映的生产要素消耗内容分类，包括（         ）。",
      "options": [
        "A、 施工定额",
        "B、 预算定额",
        "C、 概算定额",
        "D、 劳动定额",
        "E、 材料消耗定额"
      ],
      "answer": [
        "D",
        "E"
      ]
    },
    {
      "type": "多选题",
      "question": "下列属于电气设备安装工程中的设备是（         ）",
      "options": [
        "A、 硅整流柜",
        "B、 电阻器",
        "C、 电容器",
        "D、 架空软导线"
      ],
      "answer": [
        "A",
        "B",
        "C"
      ]
    },
    {
      "type": "多选题",
      "question": "下列属于电气设备安装工程中的材料是（         ）",
      "options": [
        "A、 变压器",
        "B、 电力电缆",
        "C、 绝缘导线",
        "D、 钢索"
      ],
      "answer": [
        "B",
        "C",
        "D"
      ]
    },
    {
      "type": "多选题",
      "question": "建筑电气安装工程所需的各种材料，其进货有三个渠道（          ）",
      "options": [
        "A、 从生产厂家直接购买的定型系列产品",
        "B、 从材料供销部门购买的材料",
        "C、 从市场商业批发部门购买的材料"
      ],
      "answer": [
        "A",
        "B",
        "C"
      ]
    },
    {
      "type": "多选题",
      "question": "下列属于主要材料的是（             ）",
      "options": [
        "A、 照明配电箱",
        "B、 灯具",
        "C、 插座",
        "D、 接地极"
      ],
      "answer": [
        "A",
        "B",
        "C",
        "D"
      ]
    },
    {
      "type": "多选题",
      "question": "下列属于辅助材料的是（        )",
      "options": [
        "A、 全属软管",
        "B、 电焊条",
        "C、 胶皮",
        "D、 灯具"
      ],
      "answer": [
        "A",
        "B",
        "C"
      ]
    },
    {
      "type": "多选题",
      "question": "常用的调整处理方法有三种（             ）",
      "options": [
        "A、 单项材料调差法",
        "B、 材料综合系数调差法",
        "C、 辅助材料调差法"
      ],
      "answer": [
        "A",
        "B",
        "C"
      ]
    },
    {
      "type": "多选题",
      "question": "在建筑电气安装施工中，经常使用的预算定额为（        ）。",
      "options": [
        "A、 第2册《电气设备安装工程》",
        "B、 第3册《热力设备安装工程》",
        "C、 第7册《消防及安全防范设备安装工程》",
        "D、 第10册《自动化控制仪表安装工程》",
        "E、 第13册《建筑智能化系统设备安装工程》"
      ],
      "answer": [
        "A",
        "C",
        "E"
      ]
    },
    {
      "type": "多选题",
      "question": "计算工程量的意义是（        ）。",
      "options": [
        "A、 工程量指标计算的质量直接影响工程建设的计划与统计工作",
        "B、 工程量指标是施工企业编制施工计划、合理安排施工进度、组织劳动力和材料物资供应的基础资料。",
        "C、 工程量也是进行基建财务管理与会计核算的重要指标",
        "D、 具有稳定性和时效性 （特点）",
        "E、 在掌握正确计算方法提前下，可以快速完整计算。（优势）"
      ],
      "answer": [
        "A",
        "B",
        "C"
      ]
    },
    {
      "type": "多选题",
      "question": "工程量计算的原则是（      ）。",
      "options": [
        "A、 分项工程名称必须与定额项目口径一致",
        "B、 预计已分析风险 （工程计价或项目管理阶段的工作内容）",
        "C、 坚持实事求是，正确进行市场定位 （工作态度）",
        "D、 分项工程计算量单位必须与定额一致",
        "E、 计算方法与工程量计算规则必须一致"
      ],
      "answer": [
        "A",
        "D",
        "E"
      ]
    },
    {
      "type": "多选题",
      "question": "工程量计算依据（      ）。",
      "options": [
        "A、 初步设计的施工图纸",
        "B、 现行预算定额或单位基价表",
        "C、 现行施工及技术验收规范、规程、施工组织设计或施工方案",
        "D、 有关安装工程施工、计算和预算手册、造价资料等",
        "E、 其他有关技术、经济资料"
      ],
      "answer": [
        "B",
        "C",
        "D",
        "E"
      ]
    },
    {
      "type": "多选题",
      "question": "以下属于物理计量单位的是（         ）。",
      "options": [
        "A、 长度",
        "B、 组",
        "C、 系统",
        "D、 重量",
        "E、 体积"
      ],
      "answer": [
        "A",
        "D",
        "E"
      ]
    },
    {
      "type": "多选题",
      "question": "以下属于自然计量单位的是（          ）",
      "options": [
        "A、 面积",
        "B、 个",
        "C、 组",
        "D、 套",
        "E、 吨"
      ],
      "answer": [
        "B",
        "C",
        "D"
      ]
    },
    {
      "type": "多选题",
      "question": "按照设计安装数量以“台”为计量单位有（        ）。",
      "options": [
        "A、 三相变压器",
        "B、 单相变压器",
        "C、 消弧线圈变压器",
        "D、 变压器绝缘油过滤 （t）",
        "E、 油断路器及其他充油设备绝缘油过滤(t)"
      ],
      "answer": [
        "A",
        "B",
        "C"
      ]
    },
    {
      "type": "多选题",
      "question": "按照设计安装数量以“组”为计量单位（        ）。",
      "options": [
        "A、 断路器",
        "B、 电流互感器",
        "C、 隔离开关",
        "D、 熔断器",
        "E、 油浸电抗器"
      ],
      "answer": [
        "C",
        "D"
      ]
    },
    {
      "type": "多选题",
      "question": "按照设计安装数量以“台”或“个”为计量单位（        ）。",
      "options": [
        "A、 电流互感器",
        "B、 电力电容器",
        "C、 负荷开关 （台）",
        "D、 避雷器 （组）",
        "E、 干式电抗器 （台）"
      ],
      "answer": [
        "A",
        "B"
      ]
    },
    {
      "type": "多选题",
      "question": "电缆保护管长度，除按设计规定长度计算外，遇有下列（        ）情况，应按以下规定增加保护管长度。",
      "options": [
        "A、 横穿道路，按路基宽度两端各增加2m。",
        "B、 沿马路敷设，应增加1m。",
        "C、 垂直敷设时，管口距地面增加2m。",
        "D、 穿过建筑物外墙时，按基础外缘以外增加1m。",
        "E、 穿过排水沟时，按沟壁外缘以外增加1m。"
      ],
      "answer": [
        "A",
        "C",
        "D",
        "E"
      ]
    },
    {
      "type": "多选题",
      "question": "工程量清单的特点包括（       ）",
      "options": [
        "A、 强制性",
        "B、 通用性",
        "C、 实用性",
        "D、 竞争性"
      ],
      "answer": [
        "A",
        "B",
        "C",
        "D"
      ]
    },
    {
      "type": "多选题",
      "question": "工程量清单计价模式的作用包括（       ）",
      "options": [
        "A、 能真正实现市场竞争决定工程造价",
        "B、 有利于业主获得最合理的工程造价",
        "C、 有利于促进施工企业改进经营管理，提高技术水平，增强综合实力",
        "D、 有利于参与国际市场的竞争"
      ],
      "answer": [
        "A",
        "B",
        "C",
        "D"
      ]
    },
    {
      "type": "多选题",
      "question": "工程量清单计价模式的特点包括 （       ）",
      "options": [
        "A、 满足竞争的需要",
        "B、 提供了一个平等的竞争条件",
        "C、 有利于实现风险的合理分担",
        "D、 有利于工程价款的拨付和工程造价的最终确定",
        "E、 有利于业主对投资的控制"
      ],
      "answer": [
        "A",
        "B",
        "C",
        "D",
        "E"
      ]
    },
    {
      "type": "多选题",
      "question": "工程量清单表是工程量清单的重要组成部分之一，其内容包括(           ）4部分。",
      "options": [
        "A、 项目编码",
        "B、 项目名称",
        "C、 计量单位",
        "D、 工程数量"
      ],
      "answer": [
        "A",
        "B",
        "C",
        "D"
      ]
    },
    {
      "type": "多选题",
      "question": "规费项目清单包括以下内容（          ）。",
      "options": [
        "A、 工程排污费",
        "B、 工程定额测定费",
        "C、 社会保障费（包括养老保险费、失业保险费、医疗保险费）",
        "D、 住房公积金",
        "E、 危险作业意外伤害保险"
      ],
      "answer": [
        "A",
        "B",
        "C",
        "D",
        "E"
      ]
    },
    {
      "type": "多选题",
      "question": "税金项目清单是指国家税法规定应计入建筑电气安装工程造价内的（          ）等的清单。",
      "options": [
        "A、 营业税",
        "B、 城市维护建设税",
        "C、 个税",
        "D、 教育附加税"
      ],
      "answer": [
        "A",
        "B",
        "D"
      ]
    },
    {
      "type": "多选题",
      "question": "在计量单位中，没有具体数量的项目，单位（        ）等",
      "options": [
        "A、 t",
        "B、 kg",
        "C、 系统",
        "D、 项"
      ],
      "answer": [
        "C",
        "D"
      ]
    },
    {
      "type": "多选题",
      "question": "工程量的计算规则按主要专业划分，包括(        )5个专业部分.",
      "options": [
        "A、 建筑工程",
        "B、 装饰装修工程",
        "C、 安装工程",
        "D、 市政工程",
        "E、 园林绿化工程"
      ],
      "answer": [
        "A",
        "B",
        "C",
        "D",
        "E"
      ]
    },
    {
      "type": "多选题",
      "question": "工程量清单计价模式下工程造价的计算，就包括了（              ）等的计算。",
      "options": [
        "A、 招标控制价",
        "B、 投标报价",
        "C、 工程合同价款",
        "D、 竣工结算价"
      ],
      "answer": [
        "A",
        "B",
        "C",
        "D"
      ]
    },
    {
      "type": "多选题",
      "question": "其他项目费包括（        ）。",
      "options": [
        "A、 暂列金额",
        "B、 暂估价",
        "C、 计日工",
        "D、 总承包服务费"
      ],
      "answer": [
        "A",
        "B",
        "C",
        "D"
      ]
    },
    {
      "type": "多选题",
      "question": "基本单位的分项工程综合单价的计费基础可以是（     )",
      "options": [
        "A、 人工费",
        "B、 材料费",
        "C、 机械费",
        "D、 直接工程费"
      ],
      "answer": [
        "A",
        "D"
      ]
    },
    {
      "type": "多选题",
      "question": "投标价中分部分项工程费与招标控制价中分部分项工程费的相同点和不同点分别是（          ）",
      "options": [
        "A、 计算方法相同",
        "B、 计算时采用的依据有所区别",
        "C、 竞争条件不同",
        "D、 风险分担相同"
      ],
      "answer": [
        "A",
        "B"
      ]
    },
    {
      "type": "多选题",
      "question": "投标人应按招标人提供的工程量清单填报价格，填写的（      ）必须与招标人提供的一致。",
      "options": [
        "A、 项目编码",
        "B、 项目名称",
        "C、 项目特征",
        "D、 计量单位",
        "E、 工程量",
        "F、 综合单价"
      ],
      "answer": [
        "A",
        "B",
        "C",
        "D",
        "E"
      ]
    },
    {
      "type": "多选题",
      "question": "在工程量清单下，什么情况下适合报价高一些的投标价策略（       )",
      "options": [
        "A、 施工条件差的工程",
        "B、 专业要求高的技术密集型工程，而本企业在这方面又有专长，声望也较高",
        "C、 支付条件不理想的工程",
        "D、 特殊的工程，如港口码头、地下开挖工程等",
        "E、 工期要求急的工程"
      ],
      "answer": [
        "A",
        "B",
        "C",
        "D",
        "E"
      ]
    },
    {
      "type": "多选题",
      "question": "在工程量清单下，什么情况下适合报价低一些的投标价策略（        ）",
      "options": [
        "A、 施工条件好的工程",
        "B、 工作简单、工程量大而一般公司都可以做的工程",
        "C、 投标对手多，竞争激烈的工程",
        "D、 非急需工程",
        "E、 支付条件好的工程"
      ],
      "answer": [
        "A",
        "B",
        "C",
        "D",
        "E"
      ]
    },
    {
      "type": "判断题",
      "question": "管网布置应沿道路或平行于建筑物，布置在绿化带、人行道及慢车道下，满足各种管线综合规划要求。",
      "options": [
        "正确",
        "错误"
      ],
      "answer": "正确"
    },
    {
      "type": "判断题",
      "question": "离加压泵站、水塔越近、地势越低，供水压力就小了。",
      "options": [
        "正确",
        "错误"
      ],
      "answer": "错误"
    },
    {
      "type": "判断题",
      "question": "排水管材多用混凝土或钢筋混凝土管；埋地排水塑料管、石棉水泥管、陶土管、铸铁等视情况而用。",
      "options": [
        "正确",
        "错误"
      ],
      "answer": "正确"
    },
    {
      "type": "判断题",
      "question": "化粪池的作用主要是收集并去除污水中的油脂及轻油等 。",
      "options": [
        "正确",
        "错误"
      ],
      "answer": "错误"
    },
    {
      "type": "判断题",
      "question": "污水直接进入市政管网并经污水厂处理后排放。",
      "options": [
        "正确",
        "错误"
      ],
      "answer": "错误"
    },
    {
      "type": "判断题",
      "question": "卫生器具是用来满足日常生活中洗涤等卫生要求以及收集、排除生活与生产污、废水的设备。",
      "options": [
        "正确",
        "错误"
      ],
      "answer": "正确"
    },
    {
      "type": "判断题",
      "question": "直接给水方式特点是水泵能及时向水箱供水，可缩小水箱的容积。供水可靠，投资较大，安装和维修都比较复杂。",
      "options": [
        "正确",
        "错误"
      ],
      "answer": "错误"
    },
    {
      "type": "判断题",
      "question": "常用给水管材一般有钢管、铜管、铸铁管和塑料管及复合管材。",
      "options": [
        "正确",
        "错误"
      ],
      "answer": "正确"
    },
    {
      "type": "判断题",
      "question": "焊接钢管以外径乘以壁厚来表示规格。",
      "options": [
        "正确",
        "错误"
      ],
      "answer": "错误"
    },
    {
      "type": "判断题",
      "question": "复合管材除具有塑料管的优点外，还有耐压强度好、耐热、可曲挠和美观等优点。",
      "options": [
        "正确",
        "错误"
      ],
      "answer": "正确"
    },
    {
      "type": "判断题",
      "question": "新建、改建住宅室内给水管道、热水管道和供暖管道优先选用镀锌钢管。",
      "options": [
        "正确",
        "错误"
      ],
      "answer": "错误"
    },
    {
      "type": "判断题",
      "question": "排水横支管不宜太长，尽量少转弯，一根支管连接的卫生器具不宜太多。",
      "options": [
        "正确",
        "错误"
      ],
      "answer": "正确"
    },
    {
      "type": "判断题",
      "question": "有特殊卫生要求的生产厂房、食品及贵重商品仓库、通风小室和变电室要可经过横支管。",
      "options": [
        "正确",
        "错误"
      ],
      "answer": "错误"
    },
    {
      "type": "判断题",
      "question": "埋地管穿越承重墙或基础处，应预留洞口，且管顶上部净空不得小于建筑物的沉降量，一般不宜小于0.15m。",
      "options": [
        "正确",
        "错误"
      ],
      "answer": "正确"
    },
    {
      "type": "判断题",
      "question": "排出管管顶距室外地面不应小于0.5米，生活污水排出管的管底可在冰冻线以上0.5米。",
      "options": [
        "正确",
        "错误"
      ],
      "answer": "错误"
    },
    {
      "type": "判断题",
      "question": "通气管高出屋面不得小于0.3m，且必须大于最大积雪厚度。通气管顶端应装设风帽或网罩。",
      "options": [
        "正确",
        "错误"
      ],
      "answer": "正确"
    },
    {
      "type": "判断题",
      "question": "排水系统属于压力流系统。",
      "options": [
        "正确",
        "错误"
      ],
      "answer": "错误"
    }
  ]
}