{
  "subject": "继电保护复习题",
  "questionStats": {
    "totalQuestions": 41,
    "questionTypesCount": {
      "单选题": 18,
      "判断题": 13,
      "简答题": 10
    }
  },
  "description": "从 '继电保护复习题(1).pptx' 和 '继电保护复习题1.pdf' 文件中提取的选择题、判断题和简答题，并附带解析或答案。此版本已去除重复题目并新增了简答题部分。",
  "version": "1.3.0",
  "lastUpdated": "2024-06-27",
  "password": "#M!^8Hy7TFko51@F%D4m",
  "passwordHint": "",
  "questions": [
    {
      "type": "单选题",
      "question": "电力线路发生故障时，本线路继电保护对于故障的反应能力，称为继电保护的什么？",
      "options": [
        "选择性",
        "灵敏性",
        "可靠性",
        "快速性"
      ],
      "answer": "B",
      "explanation": "灵敏性是指继电保护装置在其保护范围内发生故障或不正常运行时，能够可靠动作的能力。题目描述的正是灵敏性的定义。"
    },
    {
      "type": "单选题",
      "question": "以下对于保护功能与电力系统状态的说法错误的是哪一项？",
      "options": [
        "继电保护装置在故障时切除故障",
        "继电保护装置在不正常运行时发出告警信号",
        "继电保护装置在正常运行时不发信",
        "继电保护装置在不正常运行时可将系统转换成正常运行状态"
      ],
      "answer": "D",
      "explanation": "继电保护装置的作用是在故障时切除故障或在不正常运行时发告警信号，但它不能主动将不正常运行状态恢复为正常运行状态，这需要调度人员操作或其他自动装置完成。"
    },
    {
      "type": "单选题",
      "question": "以下哪种系统运行方式和故障类型的组合会使电流速断保护有最小保护范围？",
      "options": [
        "最大运行方式、三相短路故障",
        "最小运行方式、三相短路故障",
        "最大运行方式、两相短路故障",
        "最小运行方式、两相短路故障"
      ],
      "answer": "D",
      "explanation": "电流速断保护的保护范围与短路电流大小成正比。系统最小运行方式下，短路电流最小；两相短路时的短路电流通常小于三相短路电流。因此，组合起来的短路电流最小，保护范围也最小。"
    },
    {
      "type": "单选题",
      "question": "单侧电源网络中，定时限过电流保护（Ⅲ段）越靠近电源侧的保护其动作时限如何？",
      "options": [
        "动作时限越长",
        "动作时限越短",
        "动作时限一样",
        "以上都不对"
      ],
      "answer": "A",
      "explanation": "为了保证选择性，下游线路的保护动作时限应比上游线路短。因此，越靠近电源（上游），其保护的动作时限需要整定得越长，以等待下游保护先动作，这被称为阶梯形时限配合。"
    },
    {
      "type": "单选题",
      "question": "当系统发生故障时，正确的切断离故障点最近的断路器，是继电保护的哪种性能的体现？",
      "options": [
        "快速性",
        "选择性",
        "可靠性",
        "灵敏性"
      ],
      "answer": "B",
      "explanation": "选择性是指当电力系统发生故障时，继电保护装置应有选择地仅将故障设备从电力系统中切除，以尽量缩小停电范围，保证非故障部分继续正常运行。"
    },
    {
      "type": "单选题",
      "question": "时间继电器在继电保护装置中的作用是什么？",
      "options": [
        "计算动作时间",
        "计算保护停电时间",
        "建立动作延时",
        "计算断路器停电时间"
      ],
      "answer": "C",
      "explanation": "时间继电器用于引入一个预定的时间延迟，以实现保护的延时动作，从而与其它保护在动作时间上相互配合，满足选择性的要求。"
    },
    {
      "type": "单选题",
      "question": "电流保护 II 段的保护范围一般为多少？",
      "options": [
        "线路全长的 85%",
        "线路全长",
        "线路全长及下一线路的一部分",
        "线路全长及下一线路全长"
      ],
      "answer": "C",
      "explanation": "电流保护II段作为电流速断保护（I段）的后备和相邻线路的后备，其保护范围通常整定为本线路全长和下一级线路首段，以确保保护的连续性。"
    },
    {
      "type": "单选题",
      "question": "变压器差动保护不能反映哪种故障？",
      "options": [
        "绕组的接地短路",
        "相间短路和严重匝间短路",
        "引出线和套管故障",
        "轻微的匝间短路"
      ],
      "answer": "D",
      "explanation": "轻微的匝间短路故障电流很小，产生的差动电流不足以达到差动保护的动作值，因此差动保护对其不灵敏。这类故障通常由瓦斯保护来检测。"
    },
    {
      "type": "单选题",
      "question": "过流保护加装复合电压闭锁可以起到什么作用？",
      "options": [
        "加快保护动作时间",
        "增加保护可靠性",
        "提高保护的灵敏度",
        "延长保护范围"
      ],
      "answer": "C",
      "explanation": "复合电压闭锁（低电压启动）可以在系统电压降低（通常是短路故障的特征）时，降低过电流保护的动作电流定值，从而在系统小电流故障时提高保护的灵敏性。"
    },
    {
      "type": "单选题",
      "question": "零序电流通过变压器的什么部分和接地故障点形成短路回路？",
      "options": [
        "A 相",
        "B 相",
        "C 相",
        "接地中性点"
      ],
      "answer": "D",
      "explanation": "在有中性点接地的系统中，发生接地故障时，零序电流会通过大地、故障点、线路、变压器绕组及其中性点接地线构成闭合回路。"
    },
    {
      "type": "单选题",
      "question": "在大电流接地系统中发生接地短路时,保护安装点的3U0和3I0之间的相位角取决于什么？",
      "options": [
        "该点到故障点的线路零序阻抗角",
        "该点正方向到零序网络中性点之间的零序阻抗角",
        "该点背后到零序网络中性点之间的零序阻抗角",
        "以上都不是"
      ],
      "answer": "C",
      "explanation": "这是零序功率方向保护的原理。通过比较零序电压和零序电流的相位关系，可以判断故障点是在保护安装点的前方还是后方。这个相位角主要由电源侧（背后）的零序阻抗角决定。"
    },
    {
      "type": "单选题",
      "question": "中性点直接接地系统发生故障时，零序电压最大值出现在哪里？",
      "options": [
        "故障点",
        "系统首端",
        "系统末端",
        "无法确定"
      ],
      "answer": "A",
      "explanation": "在理论分析中，中性点直接接地系统发生单相接地故障时，故障点的零序电压为最大值，等于该点的负序电压和正序电压之和。"
    },
    {
      "type": "单选题",
      "question": "下列阻抗继电器，其测量阻抗受过渡电阻影响最大的是哪种？",
      "options": [
        "方向阻抗继电器",
        "带偏移特性的阻抗继电器",
        "四边形阻抗继电器",
        "影响程度一样"
      ],
      "answer": "A",
      "explanation": "方向阻抗继电器的动作边界是一个通过原点的圆，当发生带过渡电阻的接地故障时，测量阻抗会叠加上一个与过渡电阻相关的分量，这个分量很容易使测量点移出动作区，导致拒动。"
    },
    {
      "type": "单选题",
      "question": "变压器瓦斯保护针对的故障情况是哪种？",
      "options": [
        "绕组间的相间短路",
        "绝缘套管及其引出线上的相间短路",
        "外部短路故障引起的过电流",
        "变压器过励磁"
      ],
      "answer": "A",
      "explanation": "瓦斯保护是反应变压器油箱内部各种故障（如绕组匝间、相间短路，铁芯故障等）导致绝缘油分解产生气体或形成油流的一种保护。A选项是其典型保护范围。"
    },
    {
      "type": "单选题",
      "question": "变压器差动保护继电器采用比率制动式，可以达到什么效果？",
      "options": [
        "通过降低定值来提高保护内部故障时的灵敏度",
        "加快保护动作时间",
        "防止电流互感器二次回路断线时误动",
        "躲开励磁涌流"
      ],
      "answer": "A",
      "explanation": "比率制动特性可以有效防止外部故障及励磁涌流等非故障情况引起的差动保护误动。这使得保护的动作定值可以整定得较低，从而提高了对区内故障的灵敏度。"
    },
    {
      "type": "单选题",
      "question": "双母线固定连接方式的完全电流差动保护，说法错误的是？",
      "options": [
        "任一段母线大差动均动作",
        "母联断路器接入大差动的跳闸回路",
        "母联电流互感器接入大差动",
        "母联电流互感器不接入大差动"
      ],
      "answer": "C",
      "explanation": "在双母线固定连接方式下，母联断路器正常是闭合的，两段母线一起运行。大差动保护范围是整个母线，但母联CT不接入差动回路。因此C选项说法错误。"
    },
    {
      "type": "单选题",
      "question": "发电机的横差动保护反应的故障类型是什么？",
      "options": [
        "定子绕组一相匝间短路",
        "定子绕组相间短路",
        "绕组励磁涌流",
        "电流互感器故障"
      ],
      "answer": "A",
      "explanation": "横差动保护是专门为保护发电机定子绕组匝间短路而设计的。它比较同一相的两个并联支路的电流，正常时电流相等，发生匝间短路时则出现差流，保护动作。"
    },
    {
      "type": "单选题",
      "question": "当双侧电源线路重合闸均只投入检查同期方式，将造成什么后果？",
      "options": [
        "两侧重合闸均启动",
        "非同期合闸",
        "两侧重合闸均不能启动",
        "一侧重合闸启动，另一侧不能启动"
      ],
      "answer": "C",
      "explanation": "检查同期方式要求合闸时一侧有压，另一侧有压且满足同期条件。如果线路两侧都因故障跳闸，两侧都无压，那么两边的重合闸装置都检测不到满足条件的电压，因此都不会启动合闸。"
    },
    {
      "type": "判断题",
      "question": "限时电流速断保护必须带延迟以保证选择性。",
      "options": [
        "正确",
        "错误"
      ],
      "answer": "正确",
      "explanation": "限时电流速断保护（电流II段）保护范围延伸到下一段线路，为了与下一段线路的保护配合，必须增加一个时间延迟（通常是一个阶梯时限），保证下游保护优先动作。"
    },
    {
      "type": "判断题",
      "question": "自动重合闸装置在永久性故障时不启动重合闸。",
      "options": [
        "正确",
        "错误"
      ],
      "answer": "错误",
      "explanation": "自动重合闸装置在检测到故障跳闸后会启动，进行一次或多次尝试性合闸。如果故障是永久性的，重合闸会再次跳闸，并且在尝试预定次数后闭锁。但它会先启动尝试。"
    },
    {
      "type": "判断题",
      "question": "对于有双侧电源的高压输电线路：采用自动重合闸装置可以提高系统并列运行的稳定性，从而提高线路的输送容量。",
      "options": [
        "正确",
        "错误"
      ],
      "answer": "正确",
      "explanation": "绝大多数高压线路故障是瞬时性的。自动重合闸能快速恢复线路供电，避免双侧电源系统解列，从而维持系统的同步稳定，这间接允许线路承载更高的功率。"
    },
    {
      "type": "判断题",
      "question": "所有线路都要装设自动重合闸装置。",
      "options": [
        "正确",
        "错误"
      ],
      "answer": "错误",
      "explanation": "并非所有线路都适合或需要装设重合闸，例如电缆线路（故障多为永久性）、直接为重要用户供电的线路（避免冲击负荷）等则不装设重合闸。"
    },
    {
      "type": "判断题",
      "question": "变压器的引出线故障不属于变压器保护范围内的故障。",
      "options": [
        "正确",
        "错误"
      ],
      "answer": "错误",
      "explanation": "变压器的引出线（从绕组末端到外部连接点之间的部分）故障位于差动保护CT之间，属于变压器差动保护的范围内，是其主保护的一部分。"
    },
    {
      "type": "判断题",
      "question": "在 220kV 母线必须装设专门的母线差动保护。",
      "options": [
        "正确",
        "错误"
      ],
      "answer": "正确",
      "explanation": "根据电力系统安全稳定导则和相关规程规定，110kV及以上的母线，特别是枢纽变电站的母线，因其重要性，必须装设快速、灵敏的母线差动保护。"
    },
    {
      "type": "判断题",
      "question": "电力系统的纵向故障是短路故障。",
      "options": [
        "正确",
        "错误"
      ],
      "answer": "错误",
      "explanation": "纵向故障通常指断线故障，即导体断开。短路故障是相间或相对地的异常连接，属于横向故障。"
    },
    {
      "type": "判断题",
      "question": "当主保护或断路器拒动时，由相邻电力设备或线路的保护来实现的后备保护称为远后备保护。",
      "options": [
        "正确",
        "错误"
      ],
      "answer": "正确",
      "explanation": "这是远后备保护的定义。它作为本元件主保护和近后备（如失灵保护）的补充，从相邻元件处切除故障，但动作时间更长，切除范围更大。"
    },
    {
      "type": "判断题",
      "question": "当线路末端发生故障时，由于故障电流和下一级首端故障电流接近，很难仅通过整定值确定故障位置。",
      "options": [
        "正确",
        "错误"
      ],
      "answer": "正确",
      "explanation": "这是电流保护选择性难以配合的典型情况。由于阻抗差别小，导致短路电流差别也很小，难以设置一个既能保护本段线路末端，又不与下一级保护冲突的动作值。"
    },
    {
      "type": "判断题",
      "question": "重合闸检无压侧可以同时投入检同期。",
      "options": [
        "正确",
        "错误"
      ],
      "answer": "正确",
      "explanation": "这是一种重合闸逻辑配置方式。检无压（检测到线路侧无电压）和检同期（检测到两侧都有电压且满足同期条件）可以同时投入，装置会根据实际的电压情况自动选择合适的条件进行合闸。"
    },
    {
      "type": "判断题",
      "question": "高频闭锁距离保护能作为相邻线路的后备保护。",
      "options": [
        "正确",
        "错误"
      ],
      "answer": "正确",
      "explanation": "高频保护本身是主保护，但其距离元件（如距离II段、III段）在没有收到闭锁信号时，会按其自身的延时动作，这可以作为相邻线路的远后备保护。"
    },
    {
      "type": "判断题",
      "question": "大部分情况下瓦斯保护可以单独做变压器主保护。",
      "options": [
        "正确",
        "错误"
      ],
      "answer": "错误",
      "explanation": "瓦斯保护不能反应变压器引出线的故障，且对某些内部故障动作可能较慢。因此，它必须与差动保护相互配合，共同构成变压器的主保护。"
    },
    {
      "type": "判断题",
      "question": "母线故障包括相间短路和单相接地短路。",
      "options": [
        "正确",
        "错误"
      ],
      "answer": "正确",
      "explanation": "母线作为电气连接点，可能发生导体之间（相间短路）或导体对地（单相接地短路）的绝缘破坏，这两种都是典型的母线故障类型。"
    },
    {
      "type": "简答题",
      "question": "中性点不接地电网发生单相接地时有哪些特点。",
      "answer": "（1）电网各处故障相电压为零，非故障相对地电压升高至√3倍。电网出现零序电压，其大小等于电网正常时的相电压。\n（2）非故障线路保护安装处，流过本线路的零序电容电流，其方向由母线指向非故障线路，超前零序电压90°。\n（3）故障线路保护安装处，流过的是所有非故障元件的零序电容电流之和，方向由故障线路指向母线，滞后零序电压90°。",
      "mindmap": "graph TD\n    A[中性点不接地电网单相接地特点] --> B[电压特性]\n    A --> C[非故障线路电流特性]\n    A --> D[故障线路电流特性]\n    \n    B --> B1[red: 故障相电压=0]\n    B --> B2[red: 非故障相电压↑√3倍]\n    B --> B3[blue: 零序电压=正常相电压]\n    \n    C --> C1[red: 零序电流方向:母线→非故障线路]\n    C --> C2[blue: 电流超前零序电压90°]\n    C --> C3[blue: 流过本线路电容电流]\n    \n    D --> D1[red: 零序电流方向:故障线路→母线]\n    D --> D2[blue: 电流滞后零序电压90°]\n    D --> D3[blue: 总电流=非故障元件电流和]"
    },
    {
      "type": "简答题",
      "question": "中性点经消弧线圈接地电网，消弧线圈有哪些补偿方式，哪种补偿方式得到广泛应用？",
      "answer": "补偿方式分类：\n（1）完全补偿：电感电流等于电容电流，易引发串联谐振，不采用；\n（2）欠补偿：电感电流小于电容电流，系统运行方式改变可能转为完全补偿，导致谐振，很少采用；\n（3）过补偿：电感电流大于电容电流，残余电流为感性，可避免谐振，广泛应用。\n广泛应用的补偿方式：过补偿，因过补偿度（5%~10%）可避免系统参数变化（如线路切除、频率下降）导致完全补偿，保证运行安全性。",
      "mindmap": "graph TD\n    A[中性点经消弧线圈接地电网补偿方式] --> B[完全补偿]\n    A --> C[欠补偿]\n    A --> D[过补偿]\n    \n    B -->|红色| B1[电感电流=电容电流]\n    B -->|红色| B2[易引发串联谐振]\n    B -->|红色| B3[实际不采用]\n    \n    C -->|红色| C1[电感电流<电容电流]\n    C -->|蓝色| C2[运行方式改变→可能转为完全补偿]\n    C -->|蓝色| C3[存在谐振风险]\n    C -->|红色| C4[极少采用]\n    \n    D -->|红色| D1[电感电流>电容电流]\n    D -->|红色| D2[残余电流为感性]\n    D -->|蓝色| D3[过补偿度5%~10%]\n    D -->|蓝色| D4[适应系统参数变化]\n    D -->|红色| D5[避免谐振]\n    D -->|红色| D6[广泛应用]\n    \n    style A fill:#FF9999,stroke:#333\n    style D fill:#FF9999,stroke:#333\n    style D6 fill:#FF9999,stroke:#333\n    style B fill:#FF9999,stroke:#333\n    style C fill:#FF9999,stroke:#333"
    },
    {
      "type": "简答题",
      "question": "简述电压回路断线对距离保护有什么影响，断线闭锁装置的要求？",
      "answer": "对距离保护的影响：\n测量电压减少或等于零，测量阻抗将减小或等于零，可能导致距离保护误动作。\n断线闭锁装置的要求：\n（1）当电压二次回路断线时，断线闭锁装置应动作，将距离保护闭锁，并发出信号；\n（2）一次系统发生短路故障时，不应闭锁保护和不发出断线失压信号；\n（3）断线闭锁装置的动作时间应小于保护的动作时限，以使在保护误动作之前实现闭锁；\n（4）断线闭锁装置动作后，应由运行人员手动将其复归，以免在处理电压回路断线过程中，外部发生短路时导致保护误动作。",
      "mindmap": "graph TD\n    A[电压回路断线对距离保护影响及断线闭锁装置要求] --> B[对距离保护的影响]\n    A --> C[断线闭锁装置要求]\n    \n    B --> B1[测量电压↓/零 <style>fill:#FF4136</style>]\n    B --> B2[测量阻抗↓/零 <style>fill:#FF4136</style>]\n    B --> B3[保护误动作风险 <style>fill:#FF4136</style>]\n    \n    C --> C1[断线时闭锁+发信号 <style>fill:#FF4136</style>]\n    C --> C2[短路故障不闭锁 <style>fill:#FF4136</style>]\n    C --> C3[动作时间<保护时限 <style>fill:#0074D9</style>]\n    C --> C4[手动复归防误动 <style>fill:#0074D9</style>]"
    },
    {
      "type": "简答题",
      "question": "过渡电阻对距离保护有什么影响？",
      "answer": "（1）单侧电源线路，短路点过渡电阻使继电器测量阻抗增加，保护范围缩小，可能造成保护拒动；\n（2）双侧电源线路，短路点过渡电阻可能使测量阻抗增加，造成保护拒动；也可能使测量阻抗减小，使保护误动。",
      "mindmap": "graph TD\n    A[过渡电阻对距离保护的影响] --> B[单侧电源线路]\n    A --> C[双侧电源线路]\n    B --> B1[测量阻抗增加]\n    B1 --> B2[保护范围缩小]\n    B2 --> B3[可能拒动]\n    C --> C1[测量阻抗增加]\n    C1 --> C2[可能拒动]\n    C --> C3[测量阻抗减小]\n    C3 --> C4[可能误动]\n\nclassDef core fill:#f99,stroke:#333;\nclassDef extend fill:#9cf,stroke:#333;\nclass A,B,C,B3,C2,C4 core\nclass B1,B2,C1,C3 extend"
    },
    {
      "type": "简答题",
      "question": "检同期和检无压重合闸的合闸条件？双侧电源的线路，在使用检同期、检无压重合闸时，应如何投入？",
      "answer": "检无压重合闸在线路无电压时允许重合，检同期重合闸在线路电压与母线电压满足同期条件时允许重合。\n双侧电源的线路，线路一侧投入检无压重合闸，另一侧投入检同期重合闸。当保护或开关误动使检无压一侧误跳闸时，由于对侧断路器还在合闸位置，线路上有电压而不能重合。为了解决此问题，在投入检无压的一侧也要投入检同期重合闸，而另一侧只投入检同期重合闸。",
      "mindmap": "graph TD\n    A[检无压重合闸] --> B[线路无电压]\n    C[检同期重合闸] --> D[同期条件]\n    E[双侧电源线路] --> F[一侧: 检无压+检同期]\n    E --> G[另一侧: 仅检同期]\n    E --> H[问题解决: 防误跳闸/线路有压不重合]\n    style A fill:#f99,stroke:#333\n    style C fill:#f99,stroke:#333\n    style E fill:#f99,stroke:#333\n    style B fill:#9cf,stroke:#333\n    style D fill:#9cf,stroke:#333\n    style F fill:#9cf,stroke:#333\n    style G fill:#9cf,stroke:#333\n    style H fill:#9cf,stroke:#333"
    },
    {
      "type": "简答题",
      "question": "介绍重合闸前加速和后加速的原理、作用及适用场景。",
      "answer": "前加速：\n（1）原理：线路首次故障时，电源侧保护无选择性瞬时跳闸，重合闸后若为永久性故障，按选择性时限动作；\n（2）作用：快速切除瞬时故障，使故障时母线有较高的电压；\n（3）场景：35kV及以下单侧电源辐射型线路。\n后加速：\n（1）原理：首次故障时保护按选择性时限动作，重合闸后若为永久性故障，加速保护瞬时跳闸；\n（2）作用：首次跳闸有选择性，永久性故障时加速切除；\n（3）场景：35kV以上双侧电源或复杂网络。",
      "mindmap": "graph TD\n    A[重合闸前加速与后加速] --> B[前加速]\n    A --> C[后加速]\n    B --> B1[原理]\n    B1 --> B11[首次故障无选择瞬时跳闸]\n    B1 --> B12[永久故障后选择性动作]\n    B --> B2[作用]\n    B2 --> B21[快速切除瞬时故障]\n    B2 --> B22[维持母线高电压]\n    B --> B3[场景]\n    B3 --> B31[35kV以下单侧电源辐射线路]\n    C --> C1[原理]\n    C1 --> C11[首次故障选择性动作]\n    C1 --> C12[永久故障后加速瞬时跳闸]\n    C --> C2[作用]\n    C2 --> C21[首次跳闸有选择性]\n    C2 --> C22[永久故障加速切除]\n    C --> C3[场景]\n    C3 --> C31[35kV以上双侧电源或复杂网络]\n    style A fill:#FF0000\n    style B fill:#FF0000\n    style C fill:#FF0000\n    style B1 fill:#FF0000\n    style B2 fill:#FF0000\n    style B3 fill:#0000FF\n    style C1 fill:#FF0000\n    style C2 fill:#FF0000\n    style C3 fill:#0000FF"
    },
    {
      "type": "简答题",
      "question": "简述变压器低压侧复合电压闭锁过流保护的动作原理和动作过程？",
      "answer": "动作原理：\n（1）由负序电压元件（反应不对称短路）和低电压元件（反应对称短路或电压下降）构成闭锁条件；\n（2）过流元件检测电流超过整定值时，需同时满足复合电压元件开放才动作跳闸。\n动作过程：\n（1）以较短的时限（第一时限）跳开低压侧母线分段断路器；\n（2）以较长的时限（第二时限）跳开变压器低压侧断路器。",
      "mindmap": "graph TD\n    A[复合电压闭锁过流保护] --> B[动作原理]\n    A --> C[动作过程]\n    B --> B1[负序电压元件<br>不对称短路]\n    B --> B2[低电压元件<br>对称短路/电压下降]\n    B --> B3[过流元件检测电流]\n    B3 --> B4[复合电压开放才跳闸]\n    C --> C1[第一时限跳分段断路器]\n    C --> C2[第二时限跳低压侧断路器]\n    \n    classDef core fill:#f99,stroke:#333;\n    classDef extended fill:#9cf,stroke:#333;\n    class B1,B2 core\n    class B3,B4,C1,C2 extended"
    },
    {
      "type": "简答题",
      "question": "画出过流保护1和保护2的I段、II段及III段的保护范围及动作延时。",
      "answer": "这道题需要绘图说明，文字描述如下：\n假设保护1安装在A、B线路之间，保护2安装在B、C线路之间。\n保护1：\nI段：保护线路AB的80%-85%，瞬时动作（0秒）。\nII段：保护线路AB全长和线路BC首段（约50%），动作时限为t1（例如0.5秒）。\nIII段：保护线路AB和BC全长，作为后备保护，动作时限为t2（例如1.0秒）。\n保护2：\nI段：保护线路BC的80%-85%，瞬时动作（0秒）。\nII段：保护线路BC全长和下一段线路的首段，动作时限为t3。\nIII段：保护线路BC全长和下一段线路，作为后备保护，动作时限为t4。\n时限配合原则：为保证选择性，t1 > t3，t2 > t4。",
      "mindmap": "graph TD\n    A[过流保护] --> B[保护1]\n    A --> C[保护2]\n    \n    B --> B1[保护1-I段]\n    B --> B2[保护1-II段]\n    B --> B3[保护1-III段]\n    \n    C --> C1[保护2-I段]\n    C --> C2[保护2-II段]\n    C --> C3[保护2-III段]\n    \n    B1 --> B11[AB线路80%-85%]\n    B1 --> B12[瞬时动作 <span style='color:red'>0s</span>]\n    \n    B2 --> B21[AB全长+BC首段50%]\n    B2 --> B22[动作时限 <span style='color:red'>t1</span>]\n    B22 --> B23[例:0.5s <span style='color:blue'>扩展</span>]\n    \n    B3 --> B31[AB+BC全长 <span style='color:blue'>后备保护</span>]\n    B3 --> B32[动作时限 <span style='color:red'>t2</span>]\n    B32 --> B33[例:1.0s <span style='color:blue'>扩展</span>]\n    \n    C1 --> C11[BC线路80%-85%]\n    C1 --> C12[瞬时动作 <span style='color:red'>0s</span>]\n    \n    C2 --> C21[BC全长+下段线路首段]\n    C2 --> C22[动作时限 <span style='color:red'>t3</span>]\n    \n    C3 --> C31[BC+下段线路 <span style='color:blue'>后备保护</span>]\n    C3 --> C32[动作时限 <span style='color:red'>t4</span>]\n    \n    A --> D[时限配合原则]\n    D --> D1[选择性要求]\n    D1 --> D2[<span style='color:red'>t1>t3</span>]\n    D1 --> D3[<span style='color:red'>t2>t4</span>]"
    },
    {
      "type": "简答题",
      "question": "什么是断路器失灵保护？",
      "answer": "断路器失灵保护是指当故障线路的继电保护动作发出跳闸指令后，断路器拒绝动作时，能够以较短的时限切除同一母线上其他所有支路的断路器，将故障部分隔离，并使停电范围限制为最小的一种近后备保护。",
      "mindmap": "graph TD\n    A[断路器失灵保护] --> B[红色核心]\n    A --> C[定义]\n    A --> D[触发条件]\n    A --> E[动作机制]\n    A --> F[保护特性]\n    A --> G[目标效果]\n\n    B --> H[近后备保护]\n    B --> I[短时限切除]\n    B --> J[母线支路隔离]\n\n    C --> K[断路器拒动]\n    C --> L[故障线路]\n    C --> M[跳闸指令]\n\n    D --> N[继电保护动作]\n    D --> O[断路器拒绝动作]\n\n    E --> P[切除同母线支路]\n    E --> Q[快速故障隔离]\n    E --> R[最小停电范围]\n\n    F --> S[后备保护类型]\n    F --> T[系统稳定性]\n    F --> U[选择性配合]\n\n    G --> V[故障部分隔离]\n    G --> W[供电恢复]\n    G --> X[设备安全]\n```\n\n注：通过颜色标记（红色核心）突出关键概念，采用层级递进结构，将定义拆解为触发条件和动作机制，扩展保护特性和目标效果，符合记忆逻辑且重点"
    },
    {
      "type": "简答题",
      "question": "断路器失灵保护构成原则。",
      "answer": "（1）断路器失灵保护应由故障设备的继电保护启动，手动跳闸不能启动失灵保护。\n（2）在断路器失灵保护的启动回路中除有故障设备的继电保护出口触点之外，还应有断路器失灵判别元件的触点；\n（3）失灵保护应有动作延时，且最短的动作延时应大于故障设备断路器的跳闸时间与保护继电器返回时间之和；\n（4）在正常工况下，失灵保护回路中任一对触点闭合，失灵保护回路不应被误动或误跳断路器。",
      "mindmap": "graph TD\n    A[断路器失灵保护构成原则] --> B[核心原则]\n    B --> B1[红色: 启动条件]\n    B1 --> B1a[蓝色: 继电保护启动]\n    B1 --> B1b[红色: 手动跳闸不启动]\n    B --> B2[红色: 启动回路配置]\n    B2 --> B2a[蓝色: 继电保护出口触点]\n    B2 --> B2b[红色: 判别元件触点]\n    B --> B3[红色: 动作延时]\n    B3 --> B3a[蓝色: 延时>跳闸时间+返回时间]\n    B --> B4[红色: 防误动设计]\n    B4 --> B4a[蓝色: 触点闭合不误动]\n    B4 --> B4b[红色: 正常工况不误动]"
    }
  ]
}