{
  "subject": "继电保护复习题",
  "questionStats": {
    "totalQuestions": 32,
    "questionTypesCount": {
      "单选题": 18,
      "判断题": 14
    }
  },
  "description": "从 '继电保护复习题(1).pptx' 文件中提取的选择题和判断题",
  "version": "1.0.0",
  "lastUpdated": "2024-06-26",
  "password": "123456",
  "passwordHint": "6位数字密码",
  "questions": [
    {
      "type": "单选题",
      "question": "电力线路发生故障时，本线路继电保护对于故障的反应能力，称为继电保护的什么？",
      "options": [
        "A. 选择性",
        "B. 灵敏性",
        "C. 可靠性",
        "D. 快速性"
      ],
      "answer": "B"
    },
    {
      "type": "单选题",
      "question": "以下对于保护功能与电力系统状态的说法错误的是哪一项？",
      "options": [
        "A. 继电保护装置在故障时切除故障",
        "B. 继电保护装置在不正常运行时发出告警信号",
        "C. 继电保护装置在正常运行时不发信",
        "D. 继电保护装置在不正常运行时可将系统转换成正常运行状态"
      ],
      "answer": "D"
    },
    {
      "type": "单选题",
      "question": "以下哪种系统运行方式和故障类型的组合会使电流速断保护有最小保护范围？",
      "options": [
        "A. 最大运行方式、三相短路故障",
        "B. 最小运行方式、三相短路故障",
        "C. 最大运行方式、两相短路故障",
        "D. 最小运行方式、两相短路故障"
      ],
      "answer": "D"
    },
    {
      "type": "单选题",
      "question": "单侧电源网络中，定时限过电流保护（Ⅲ段）越靠近电源侧的保护其动作时限如何？",
      "options": [
        "A. 动作时限越长",
        "B. 动作时限越短",
        "C. 动作时限一样",
        "D. 以上都不对"
      ],
      "answer": "A"
    },
    {
      "type": "单选题",
      "question": "当系统发生故障时，正确的切断离故障点最近的断路器，是继电保护的哪种性能的体现？",
      "options": [
        "A. 快速性",
        "B. 选择性",
        "C. 可靠性",
        "D. 灵敏性"
      ],
      "answer": "B"
    },
    {
      "type": "单选题",
      "question": "时间继电器在继电保护装置中的作用是什么？",
      "options": [
        "A. 计算动作时间",
        "B. 计算保护停电时间",
        "C. 建立动作延时",
        "D. 计算断路器停电时间"
      ],
      "answer": "C"
    },
    {
      "type": "单选题",
      "question": "电流保护 II 段的保护范围一般为多少？",
      "options": [
        "A. 线路全长的 85%",
        "B. 线路全长",
        "C. 线路全长及下一线路的一部分",
        "D. 线路全长及下一线路全长"
      ],
      "answer": "C"
    },
    {
      "type": "单选题",
      "question": "变压器差动保护不能反映哪种故障？",
      "options": [
        "A. 绕组的接地短路",
        "B. 相间短路和严重匝间短路",
        "C. 引出线和套管故障",
        "D. 轻微的匝间短路"
      ],
      "answer": "D"
    },
    {
      "type": "单选题",
      "question": "过流保护加装复合电压闭锁可以起到什么作用？",
      "options": [
        "A. 加快保护动作时间",
        "B. 增加保护可靠性",
        "C. 提高保护的灵敏度",
        "D. 延长保护范围"
      ],
      "answer": "C"
    },
    {
      "type": "单选题",
      "question": "零序电流通过变压器的什么部分和接地故障点形成短路回路？",
      "options": [
        "A. A 相",
        "B. B 相",
        "C. C 相",
        "D. 接地中性点"
      ],
      "answer": "D"
    },
    {
      "type": "单选题",
      "question": "在大电流接地系统中发生接地短路时,保护安装点的3U0和3I0之间的相位角取决于什么？",
      "options": [
        "A. 该点到故障点的线路零序阻抗角",
        "B. 该点正方向到零序网络中性点之间的零序阻抗角",
        "C. 该点背后到零序网络中性点之间的零序阻抗角",
        "D. 以上都不是"
      ],
      "answer": "C"
    },
    {
      "type": "单选题",
      "question": "中性点直接接地系统发生故障时，零序电压最大值出现在哪里？",
      "options": [
        "A. 故障点",
        "B. 系统首端",
        "C. 系统末端",
        "D. 无法确定"
      ],
      "answer": "A"
    },
    {
      "type": "单选题",
      "question": "下列阻抗继电器，其测量阻抗受过渡电阻影响最大的是哪种？",
      "options": [
        "A. 方向阻抗继电器",
        "B. 带偏移特性的阻抗继电器",
        "C. 四边形阻抗继电器",
        "D. 影响程度一样"
      ],
      "answer": "A"
    },
    {
      "type": "单选题",
      "question": "变压器瓦斯保护针对的故障情况是哪种？",
      "options": [
        "A. 绕组间的相间短路",
        "B. 绝缘套管及其引出线上的相间短路",
        "C. 外部短路故障引起的过电流",
        "D. 变压器过励磁"
      ],
      "answer": "A"
    },
    {
      "type": "单选题",
      "question": "变压器差动保护继电器采用比率制动式，可以达到什么效果？",
      "options": [
        "A. 通过降低定值来提高保护内部故障时的灵敏度",
        "B. 加快保护动作时间",
        "C. 防止电流互感器二次回路断线时误动",
        "D. 躲开励磁涌流"
      ],
      "answer": "A"
    },
    {
      "type": "单选题",
      "question": "双母线固定连接方式的完全电流差动保护，说法错误的是？",
      "options": [
        "A. 任一段母线大差动均动作",
        "B. 母联断路器接入大差动的跳闸回路",
        "C. 母联电流互感器接入大差动",
        "D. 母联电流互感器不接入大差动"
      ],
      "answer": "C"
    },
    {
      "type": "单选题",
      "question": "发电机的横差动保护反应的故障类型是什么？",
      "options": [
        "A. 定子绕组一相匝间短路",
        "B. 定子绕组相间短路",
        "C. 绕组励磁涌流",
        "D. 电流互感器故障"
      ],
      "answer": "A"
    },
    {
      "type": "单选题",
      "question": "当双侧电源线路重合闸均只投入检查同期方式，将造成什么后果？",
      "options": [
        "A. 两侧重合闸均启动",
        "B. 非同期合闸",
        "C. 两侧重合闸均不能启动",
        "D. 一侧重合闸启动，另一侧不能启动"
      ],
      "answer": "C"
    },
    {
      "type": "判断题",
      "question": "限时电流速断保护必须带延迟以保证选择性。",
      "options": [
        "正确",
        "错误"
      ],
      "answer": "正确"
    },
    {
      "type": "判断题",
      "question": "自动重合闸装置在永久性故障时不启动重合闸。",
      "options": [
        "正确",
        "错误"
      ],
      "answer": "错误"
    },
    {
      "type": "判断题",
      "question": "对于有双侧电源的高压输电线路：采用自动重合闸装置可以提高系统并列运行的稳定性，从而提高线路的输送容量。",
      "options": [
        "正确",
        "错误"
      ],
      "answer": "正确"
    },
    {
      "type": "判断题",
      "question": "所有线路都要装设自动重合闸装置。",
      "options": [
        "正确",
        "错误"
      ],
      "answer": "错误"
    },
    {
      "type": "判断题",
      "question": "大部分情况下瓦斯保护可以单独做变压器主保护。",
      "options": [
        "正确",
        "错误"
      ],
      "answer": "错误"
    },
    {
      "type": "判断题",
      "question": "变压器的引出线故障不属于变压器保护范围内的故障。",
      "options": [
        "正确",
        "错误"
      ],
      "answer": "错误"
    },
    {
      "type": "判断题",
      "question": "在 220kV 母线必须装设专门的母线差动保护。",
      "options": [
        "正确",
        "错误"
      ],
      "answer": "正确"
    },
    {
      "type": "判断题",
      "question": "电力系统的纵向故障是短路故障。",
      "options": [
        "正确",
        "错误"
      ],
      "answer": "错误"
    },
    {
      "type": "判断题",
      "question": "当主保护或断路器拒动时，由相邻电力设备或线路的保护来实现的后备保护称为远后备保护。",
      "options": [
        "正确",
        "错误"
      ],
      "answer": "正确"
    },
    {
      "type": "判断题",
      "question": "当线路末端发生故障时，由于故障电流和下一级首端故障电流接近，很难仅通过整定值确定故障位置。",
      "options": [
        "正确",
        "错误"
      ],
      "answer": "正确"
    },
    {
      "type": "判断题",
      "question": "重合闸检无压侧可以同时投入检同期。",
      "options": [
        "正确",
        "错误"
      ],
      "answer": "正确"
    },
    {
      "type": "判断题",
      "question": "高频闭锁距离保护能作为相邻线路的后备保护。",
      "options": [
        "正确",
        "错误"
      ],
      "answer": "正确"
    },
    {
      "type": "判断题",
      "question": "大部分情况下瓦斯保护可以单独做变压器主保护。",
      "options": [
        "正确",
        "错误"
      ],
      "answer": "错误"
    },
    {
      "type": "判断题",
      "question": "母线故障包括相间短路和单相接地短路。",
      "options": [
        "正确",
        "错误"
      ],
      "answer": "正确"
    }
  ]
}