{
  "subject": "示例题库",
  "questionStats": {
    "totalQuestions": 10,
    "questionTypesCount": {
      "单选题": 3,
      "多选题": 2,
      "判断题": 3,
      "填空题": 1,
      "简答题": 1
    }
  },
  "description": "这是一个示例题库，用于测试题库选择功能",
  "version": "1.0.0",
  "lastUpdated": "2024-12-24",
  "password": "",
  "passwordHint": "示例密码：demo123",
  "questions": [
    {
      "type": "单选题",
      "question": "以下哪个是正确的项目管理原则？",
      "options": [
        "A. 项目管理只关注成本控制",
        "B. 项目管理需要平衡范围、时间、成本和质量",
        "C. 项目管理只需要关注进度",
        "D. 项目管理不需要风险管理"
      ],
      "answer": "B",
      "explanation": "暂无解析"
    },
    {
      "type": "单选题",
      "question": "软件开发生命周期中，哪个阶段最重要？",
      "options": [
        "A. 需求分析",
        "B. 系统设计",
        "C. 编码实现",
        "D. 测试验证"
      ],
      "answer": "A",
      "explanation": "暂无解析"
    },
    {
      "type": "多选题",
      "question": "以下哪些是敏捷开发的核心价值观？（多选）",
      "options": [
        "A. 个体和互动高于流程和工具",
        "B. 工作的软件高于详尽的文档",
        "C. 客户合作高于合同谈判",
        "D. 响应变化高于遵循计划",
        "E. 严格按照计划执行"
      ],
      "answer": [
        "A",
        "B",
        "C",
        "D"
      ],
      "explanation": "暂无解析"
    },
    {
      "type": "多选题",
      "question": "以下哪些是常见的软件测试类型？（多选）",
      "options": [
        "A. 单元测试",
        "B. 集成测试",
        "C. 系统测试",
        "D. 验收测试",
        "E. 性能测试"
      ],
      "answer": [
        "A",
        "B",
        "C",
        "D",
        "E"
      ],
      "explanation": "暂无解析"
    },
    {
      "type": "判断题",
      "question": "瀑布模型是一种迭代式的软件开发方法。",
      "options": [
        "正确",
        "错误"
      ],
      "answer": "错误",
      "explanation": "暂无解析"
    },
    {
      "type": "判断题",
      "question": "代码审查是提高软件质量的有效方法。",
      "options": [
        "正确",
        "错误"
      ],
      "answer": "正确",
      "explanation": "暂无解析"
    },
    {
      "type": "单选题",
      "question": "在数据库设计中，第一范式（1NF）要求什么？",
      "options": [
        "A. 消除部分函数依赖",
        "B. 消除传递函数依赖",
        "C. 每个属性都是原子性的",
        "D. 消除多值依赖"
      ],
      "answer": "C",
      "explanation": "暂无解析"
    },
    {
      "type": "判断题",
      "question": "Git是一个分布式版本控制系统。",
      "options": [
        "正确",
        "错误"
      ],
      "answer": "正确",
      "explanation": "暂无解析"
    },
    {
      "type": "填空题",
      "question": "敏捷开发宣言的四个核心价值观是：个体和互动高于____，工作的软件高于____，客户合作高于____，响应变化高于____。",
      "answer": [
        "流程和工具",
        "详尽的文档",
        "合同谈判",
        "遵循计划"
      ],
      "explanation": "暂无解析"
    },
    {
      "type": "简答题",
      "question": "请简述面向对象编程（OOP）的三个基本特征。",
      "answer": "面向对象编程（OOP）的三个基本特征是：\n1. 封装：将数据和操作数据的方法绑定在一起，形成一个独立的单元，并对外隐藏内部实现细节。\n2. 继承：允许一个类（子类）继承另一个类（父类）的属性和方法，从而实现代码复用和扩展。\n3. 多态：允许不同类的对象对同一消息做出不同的响应，通常通过方法重写（Override）和方法重载（Overload）实现。",
      "explanation": "面向对象编程（OOP）的三个基本特征是：\n1. 封装：将数据和操作数据的方法绑定在一起，形成一个独立的单元，并对外隐藏内部实现细节。\n2. 继承：允许一个类（子类）继承另一个类（父类）的属性和方法，从而实现代码复用和扩展。\n3. 多态：允许不同类的对象对同一消息做出不同的响应，通常通过方法重写（Override）和方法重载（Overload）实现。"
    }
  ]
}